Gameweek,Player,Match,Prediction,Outcome
1,Ben,Hull City Vs Manchester United,Manchester United,
1,Tom,Hull City Vs Manchester United,Manchester United,
1,AB,Arsenal Vs Coventry City,Arsenal,
1,Lewis,Arsenal Vs Coventry City,Arsenal,
1,Cai,Arsenal Vs Coventry City,draw,
2,Ben,Liverpool Vs Nottingham Forest,Liverpool,
2,Tom,Leeds United Vs Brentford,Brentford,
2,Cai,Coventry City Vs Hull City,Coventry City,
2,Lewis,Tottenham Hotspur Vs Newcastle United,Newcastle United,
2,Lewis,Leeds United Vs Brentford,Leeds United,
2,AB,Crystal Palace Vs Manchester City,Manchester City,
2,AB,Aston Villa Vs Arsenal,Arsenal,
3,AB,Arsenal Vs Chelsea,Arsenal,
3,AB,Manchester City Vs Coventry City,Manchester City,
3,AB,Ipswich Town Vs Liverpool,Liverpool,
3,Tom,Manchester City Vs Coventry City,Manchester City,
3,Ben,Manchester City Vs Coventry City,Manchester City,
3,Lewis,Arsenal Vs Chelsea,Chelsea,
3,Cai,Ipswich Town Vs Liverpool,draw,
4,Ben,Sunderland Vs Arsenal,Arsenal,
4,Ben,Liverpool Vs Fulham,Liverpool,
4,AB,Liverpool Vs Fulham,Liverpool,
4,AB,Sunderland Vs Arsenal,Arsenal,
4,AB,Chelsea Vs Hull City,Chelsea,
4,AB,Coventry City Vs Brighton & Hove Albion,Brighton & Hove Albion,
4,Tom,Chelsea Vs Hull City,Chelsea,
4,Tom,Liverpool Vs Fulham,Liverpool,
4,Lewis,Chelsea Vs Hull City,Chelsea,
4,Cai,Leeds United Vs Newcastle United,Newcastle United,
4,Ivano,Tottenham Hotspur Vs Everton,draw,
5,AB,Brighton & Hove Albion Vs Arsenal,Arsenal,
5,Ben,Manchester City Vs Sunderland,Manchester City,
5,Ivano,Bournemouth Vs Liverpool,Liverpool,
5,Ivano,Brighton & Hove Albion Vs Arsenal,draw,
5,Lewis,Newcastle United Vs Hull City,Newcastle United,
5,Tom,Manchester City Vs Sunderland,Manchester City,
5,Cai,Newcastle United Vs Hull City,Hull City,